name,email
Bogdan,11bogdan.2.savianu@gmail.com
Marian,11bogdan.2.savianu@gmail.com
John Doe,11john.doe@example.com
Jane Smith,11jane.smith@example.com
Alice Johnson,11alice.johnson@example.com
Bob Williams,11bob.williams@example.com
Eva Davis,11eva.davis@example.com
Chris Anderson,11chris.anderson@example.com
Emma Brown,11emma.brown@example.com
Michael Clark,11michael.clark@example.com
Olivia Evans,11olivia.evans@example.com
David Foster,11david.foster@example.com
Grace Green,11grace.green@example.com
Henry Hall,11henry.hall@example.com
Isabel Irwin,11isabel.irwin@example.com
Jack Jackson,11jack.jackson@example.com
Katie King,11katie.king@example.com
Leo Lee,11leo.lee@example.com
Mia Moore,11mia.moore@example.com
Nathan Nelson,11nathan.nelson@example.com
Oliver Owens,11oliver.owens@example.com
Penelope Perry,11penelope.perry@example.com
Quinn Quinn,11quinn.quinn@example.com
Ruby Rodriguez,11ruby.rodriguez@example.com
Samuel Stewart,11samuel.stewart@example.com
Taylor Turner,11taylor.turner@example.com
Ursula Underwood,11ursula.underwood@example.com
null,11null
null,11null
Johnny Bravo,11johnnytest@gmail.com
Johnny Bravo,11johnnytest1@gmail.com
Johnny Bravo,11johnnytest2@gmail.com
Johnny Bravo,johnnybravo@gmail.com
Johnny Bravo2,johnnybravo2@gmail.com
