name,email,password
Bogdan,11bogdan.2.savianu@gmail.com,macmac
Marian,11bogdan.2.savianu@gmail.com,macmac
John Doe,11john.doe@example.com,securepassword1
Jane Smith,11jane.smith@example.com,securepassword2
Alice Johnson,11alice.johnson@example.com,securepassword3
Bob Williams,11bob.williams@example.com,securepassword4
Eva Davis,11eva.davis@example.com,securepassword5
Chris Anderson,11chris.anderson@example.com,securepassword6
Emma Brown,11emma.brown@example.com,securepassword7
Michael Clark,11michael.clark@example.com,securepassword8
Olivia Evans,11olivia.evans@example.com,securepassword9
David Foster,11david.foster@example.com,securepassword10
Grace Green,11grace.green@example.com,securepassword11
Henry Hall,11henry.hall@example.com,securepassword12
Isabel Irwin,11isabel.irwin@example.com,securepassword13
Jack Jackson,11jack.jackson@example.com,securepassword14
Katie King,11katie.king@example.com,securepassword15
Leo Lee,11leo.lee@example.com,securepassword16
Mia Moore,11mia.moore@example.com,securepassword17
Nathan Nelson,11nathan.nelson@example.com,securepassword18
Oliver Owens,11oliver.owens@example.com,securepassword19
Penelope Perry,11penelope.perry@example.com,securepassword20
Quinn Quinn,11quinn.quinn@example.com,securepassword21
Ruby Rodriguez,11ruby.rodriguez@example.com,securepassword22
Samuel Stewart,11samuel.stewart@example.com,securepassword23
Taylor Turner,11taylor.turner@example.com,securepassword24
Ursula Underwood,11ursula.underwood@example.com,securepassword25
null,11null,null
null,11null,null
Johnny Bravo,11johnnytest@gmail.com,parolaparola
Johnny Bravo,11johnnytest1@gmail.com,parolaparola
Johnny Bravo,11johnnytest2@gmail.com,parolaparola
Johnny Bravo,johnnybravo@gmail.com,parolaparolaaa
